Timestamp,What time suits you best for *WORK*!!!!!!!
2023/07/20 11:54:24 PM GMT+5:30,11:00pm to 11:30pm
2023/07/20 11:54:29 PM GMT+5:30,10:00pm to 10:30pm
2023/07/20 11:54:34 PM GMT+5:30,9:00pm to 9:30pm
2023/07/20 11:54:29 PM GMT+5:30,11:00pm to 11:30pm
2023/07/20 11:54:34 PM GMT+5:30,10:00pm to 10:30pm
2023/07/20 11:54:39 PM GMT+5:30,9:00pm to 9:30pm
2023/07/20 11:54:44 PM GMT+5:30,8:30pm to 9:00pm
2023/07/20 11:54:49 PM GMT+5:30,8:00pm to 8:30pm
2023/07/20 11:54:54 PM GMT+5:30,9:00pm to 9:30pm
2023/07/20 11:54:59 PM GMT+5:30,7:30pm to 8:00pm
2023/07/20 11:55:04 PM GMT+5:30,9:30pm to 10:00pm
2023/07/20 11:55:09 PM GMT+5:30,10:30pm to 11:00pm
2023/07/20 11:55:14 PM GMT+5:30,8:30pm to 9:00pm
2023/07/20 11:55:19 PM GMT+5:30,11:00pm to 11:30pm
2023/07/20 11:55:24 PM GMT+5:30,10:00pm to 10:30pm
2023/07/20 11:55:29 PM GMT+5:30,7:00pm to 7:30pm
2023/07/20 11:55:34 PM GMT+5:30,9:30pm to 10:00pm
2023/07/20 11:55:39 PM GMT+5:30,7:00pm to 7:30pm
2023/07/20 11:55:44 PM GMT+5:30,7:00pm to 7:30pm
2023/07/20 11:55:49 PM GMT+5:30,8:30pm to 9:00pm
2023/07/20 11:55:54 PM GMT+5:30,11:00pm to 11:30pm
2023/07/20 11:55:59 PM GMT+5:30,10:00pm to 10:30pm
2023/07/20 11:56:04 PM GMT+5:30,7:00pm to 7:30pm
2023/07/20 11:56:09 PM GMT+5:30,7:00pm to 7:30pm
2023/07/20 11:56:14 PM GMT+5:30,10:30pm to 11:00pm
2023/07/20 11:56:19 PM GMT+5:30,10:30pm to 11:00pm
2023/07/20 11:56:24 PM GMT+5:30,9:30pm to 10:00pm
2023/07/20 11:56:29 PM GMT+5:30,10:30pm to 11:00pm
2023/07/20 11:56:34 PM GMT+5:30,10:00pm to 10:30pm
2023/07/20 11:56:39 PM GMT+5:30,11:00pm to 11:30pm
2023/07/20 11:56:39 PM GMT+5:30,11:00pm to 11:30pm
2023/07/20 11:56:39 PM GMT+5:30,11:00pm to 11:30pm